{"Design_0_logoImageUrl":"http://www.gstatic.com/ads/standard_schemas/resources/sample_logo.png","Design_0_bgAlpha":"1.0","Design_0_bgColor":"0xFAFAFA","Design_0_bgColorAlt":"0x333333","Design_0_bgGradient":"FALSE","Design_0_borderColor":"0x000000","Design_0_btnBevel":"TRUE","Design_0_btnColor":"0x335566","Design_0_btnRollColor":"0x993344","Design_0_btnShad":"TRUE","Design_0_btnStyle":"round","Design_0_cornerStyle":"round","Design_0_txtColorCta":"0xFFFFFF","Design_0_txtColorDescription":"#4c4c4c","Design_0_txtColorDisc":"0x666666","Design_0_txtColorPrice":"0xFF0000","Design_0_txtColorProduct":"0x000000","Design_0_txtColorTitle":"0x000000","Headline_0_cta":"Shop now!","Headline_0_txt":"Great deals available now!","Headline_0_disclaimer":"*Terms and conditions apply.","Headline_0_productClickOnly":"TRUE","Headline_0_showPrice":"TRUE","Product_0_name":"Product 0 Name","Product_0_description":"Product 0 Description","Product_0_price":"$12.65","Product_0_regularPrice":"$16.65","Product_0_salePrice":"$12.65","Product_0_salePercentDiscount":"0.24024","Product_0_installmentPrice":"$4.50","Product_0_installmentCount":"4","Product_0_imageUrl":"http://www.gstatic.com/ads/standard_schemas/resources/product_0_square.png","Product_0_url":"https://www.google.com/search?q=product+0","Product_1_name":"Product 1 Name","Product_1_description":"Product 1 Description","Product_1_price":"$10.00","Product_1_regularPrice":"$12.35","Product_1_salePrice":"$10.00","Product_1_salePercentDiscount":"0.19028340080972","Product_1_installmentPrice":"$8.00","Product_1_installmentCount":"2","Product_1_imageUrl":"http://www.gstatic.com/ads/standard_schemas/resources/product_1_square.png","Product_1_url":"https://www.google.com/search?q=product+1","Product_2_name":"Product 2 Name","Product_2_description":"Product 2 Description","Product_2_price":"$12.00","Product_2_regularPrice":"$13.95","Product_2_salePrice":"","Product_2_salePercentDiscount":"","Product_2_installmentPrice":"","Product_2_installmentCount":"","Product_2_imageUrl":"http://www.gstatic.com/ads/standard_schemas/resources/product_2_square.png","Product_2_url":"https://www.google.com/search?q=product+2","Product_3_name":"Product 3 Name","Product_3_description":"Product 3 Description","Product_3_price":"$8.45","Product_3_regularPrice":"$8.45","Product_3_salePrice":"","Product_3_salePercentDiscount":"","Product_3_installmentPrice":"$3.30","Product_3_installmentCount":"4","Product_3_imageUrl":"http://www.gstatic.com/ads/standard_schemas/resources/product_3_square.png","Product_3_url":"https://www.google.com/search?q=product+3","Product_4_name":"Product 4 Name","Product_4_description":"Product 4 Description","Product_4_price":"$33.95","Product_4_regularPrice":"$45.95","Product_4_salePrice":"$33.95","Product_4_salePercentDiscount":"0.26115342763874","Product_4_installmentPrice":"$9.95","Product_4_installmentCount":"5","Product_4_imageUrl":"http://www.gstatic.com/ads/standard_schemas/resources/product_4_square.png","Product_4_url":"https://www.google.com/search?q=product+4","Product_5_name":"Product 5 Name","Product_5_description":"Product 5 Description","Product_5_price":"$320.00","Product_5_regularPrice":"$400.00","Product_5_salePrice":"$320.00","Product_5_salePercentDiscount":"0.2","Product_5_installmentPrice":"$90.00","Product_5_installmentCount":"5","Product_5_imageUrl":"http://www.gstatic.com/ads/standard_schemas/resources/product_5_square.png","Product_5_url":"https://www.google.com/search?q=product+5"}